uz	ru	en	kaa
Alert (sport jihozi)	Алерт (спортивный снаряд)	Alert (sports equipment)	Alert (sport úskenesi)
Alyumin rom, eshik, fortochka	Алюминиевые окна, двери, форточки	Aluminium windows, doors, vents	Alyuminiy ramalar, esikler, fortochkalar
Arg'imchoq	Качели	Swing	Altıbaqan
Avtomat nayza-pichog'i maketi	Макет штык-ножа к автомату	Rifle bayonet training mock-up	Avtomat nayza-pıshaǵınıń maketi
Axlat urnasi yasash xizmati (o'z xomashyosi)	Изготовление урн для мусора (из своего сырья)	Waste bin manufacturing (own raw materials)	Qoqıs urnasın tayarlaw xızmeti (óz shiyki zatınan)
Aylana stol	Круглый стол	Round table	Dóńgelek stol
Balyasina ishlab chiqarish xizmati (o'z xomashyosi)	Изготовление балясин (из своего сырья)	Baluster manufacturing (own raw materials)	Balyasina islep shıǵarıw xızmeti (óz shiyki zatınan)
Bekat karkasi	Каркас остановки	Bus stop frame	Bekettiń karkası
Besedka	Беседка	Gazebo	Besedka
Beton stolb	Бетонный столб	Concrete pole	Beton stolba
Bir tumbali ofis stoli	Офисный стол с одной тумбой	Office desk with one pedestal	Bir tumbalı ofis stolı
Burchak divan	Угловой диван	Corner sofa	Múyeshli divan
Burchak mebel	Угловая мебель	Corner furniture set	Múyeshli mebel
Chilangar stoli	Слесарный стол	Workbench	Slesar stolı
Choy tumbasi	Чайная тумба	Tea cabinet	Shay tumbası
Choyshab	Простыня	Bed sheet	Shoyshap
Choyshablar to'plami	Комплект постельного белья	Bed linen set	Tósek-orın komplekti
Dahliz shkafi (prixojka)	Шкаф для прихожей	Hallway wardrobe	Dálizge arnalǵan shkaf
Deko stol karkasi (4 kishilik)	Каркас стола «Деко» (на 4 персоны)	Deco table frame (4-person)	Deko stol karkası (4 adamlıq)
Deko stol karkasi (6 kishilik)	Каркас стола «Деко» (на 6 персон)	Deco table frame (6-person)	Deko stol karkası (6 adamlıq)
Deko stol karkasi (8 kishilik)	Каркас стола «Деко» (на 8 персон)	Deco table frame (8-person)	Deko stol karkası (8 adamlıq)
Deraza (Akfa profil)	Окно (профиль Akfa)	Window (Akfa profile)	Tereze (Akfa profil)
Deraza panjarasi (metall)	Оконная решётка (металл)	Window grille (metal)	Tereze panjarası (metall)
Deraza panjarasi (temir)	Оконная решётка (железная)	Window grille (iron)	Tereze panjarası (temir)
Divan standart	Диван стандартный	Standard sofa	Standart divan
Duradgorlik — buyurtma asosida	Столярные работы — на заказ	Carpentry — made to order	Aǵash sheberligi — buyırtpa tiykarında
Egoza (spiral to'siq)	Егоза (спиральное ограждение)	Razor wire coil (spiral barrier)	Egoza (spiral qorǵaw)
Ekipirovkali askar manekeni	Манекен солдата с экипировкой	Equipped soldier mannequin	Ekipirovkalı áskeriy maneken
Erkaklar maxsus poyabzali (botinka)	Мужская специальная обувь (ботинки)	Men's work boots	Erler ushın arnawlı ayaq kiyim (botinka)
Eshik (Akfa profil)	Дверь (профиль Akfa)	Door (Akfa profile)	Esik (Akfa profil)
Eshik (alyumin profil, PVX)	Дверь (алюминиевый профиль, ПВХ)	Door (aluminium profile, PVC)	Esik (alyuminiy profil, PVX)
Eshik panjarasi (qora metall)	Дверная решётка (чёрный металл)	Door grille (ferrous metal)	Esik panjarası (qara metall)
Eshik panjarasi (temir)	Дверная решётка (железная)	Door grille (iron)	Esik panjarası (temir)
Fasad g'isht	Фасадный кирпич	Facing brick	Fasad gerbish
Fortochka (Akfa profil)	Форточка (профиль Akfa)	Vent window (Akfa profile)	Fortochka (Akfa profil)
Fortochka (alyumin profil, PVX)	Форточка (алюминиевый профиль, ПВХ)	Vent window (aluminium profile, PVC)	Fortochka (alyuminiy profil, PVX)
Futbolka tikish xizmati	Пошив футболок	T-shirt sewing service	Futbolka tigiw xızmeti
G'ildirakli tumba	Тумба выкатная	Mobile pedestal (on wheels)	Dóńgelekli tumba
G'ilofli bayroqchalar to'plami (oq/sariq va qizil)	Комплект флажков в чехле (белый/жёлтый и красный)	Flag set in case (white/yellow and red)	Ǵılaplı bayraqshalar komplekti (aq/sarı hám qızıl)
Garderob	Гардероб	Wardrobe	Garderob
Gimnastika eshagi va brus (tayanchli lavka)	Гимнастический конь и брусья (лавка с упорами)	Gymnastics horse and bars (bench with supports)	Gimnastika eshegi hám brus (tirewishli skameyka)
Gips	Гипс	Gypsum	Gips
Gipsoblok	Гипсоблок	Gypsum block	Gipsoblok
Granata sumkachasi	Сумка для гранат	Grenade pouch	Granata sumkashası
Granit bordyur	Гранитный бордюр	Granite kerb	Granit bordyur
Granit bruschatka	Гранитная брусчатка	Granite paving stone	Granit brusshatka
Granit plita	Гранитная плита	Granite slab	Granit plita
Granit shar tayyorlash xizmati (o'z xomashyosi)	Изготовление гранитных шаров (из своего сырья)	Granite ball manufacturing (own raw materials)	Granit shar tayarlaw xızmeti (óz shiyki zatınan)
Guldon tagligi	Подставка для цветов	Flower stand	Gúldan tirewishi
Hassa	Трость	Walking cane	Hasa
Ikki o'rindiqli o'quvchilar stoli (metall karkas)	Двухместный ученический стол (металлокаркас)	Two-seat student desk (metal frame)	Eki orınlı oqıwshılar stolı (metall karkas)
Ikki qavatli krovat	Двухъярусная кровать	Bunk bed	Eki qabatlı krovat
Ikki tumbali ofis stoli	Офисный стол с двумя тумбами	Office desk with two pedestals	Eki tumbalı ofis stolı
Ish botinkasi	Ботинки рабочие	Work boots	Jumıs botinkası
Ish kostyumi	Костюм рабочий	Work suit	Jumıs kostyumı
Ish polubotinkasi	Полуботинки рабочие	Work shoes	Jumıs yarım botinkası
Ish stoli	Стол рабочий	Work desk	Jumıs stolı
Ishchilar maxsus kiyimini tikish xizmati	Пошив спецодежды для рабочих	Workwear sewing service	Jumısshılar arnawlı kiyimin tigiw xızmeti
Izvestnyak tosh	Известняковый камень	Limestone tile	Izvestnyak tas
Javon	Стеллаж	Shelving unit	Shkaf-sóre
Jurnal stoli	Журнальный стол	Coffee table	Jurnal stolı
Jurnallar uchun javon	Стеллаж для журналов	Magazine shelf	Jurnallar ushın sóre
Kalashnikov o'quv avtomati maketi	Учебный макет автомата Калашникова	Kalashnikov training rifle mock-up	Kalashnikov oqıw avtomatınıń maketi
Kazerok yasash xizmati (o'z xomashyosi)	Изготовление козырька (из своего сырья)	Canopy manufacturing (own raw materials)	Kozırek tayarlaw xızmeti (óz shiyki zatınan)
Kema (suvenir)	Корабль (сувенир)	Ship (souvenir)	Keme (suvenir)
Kema (suvenir), oddiy	Корабль (сувенир), простой	Ship (souvenir), simple	Keme (suvenir), ápiwayı
Kema suvenir (yong'oqdan)	Корабль-сувенир (из ореха)	Souvenir ship (walnut)	Keme suvenir (jańǵaq aǵashınan)
Kemacha	Кораблик	Small ship	Kemeshe
Keramzit	Керамзит	Expanded clay	Keramzit
Kichik piyoda (sapyor) belkuragi, g'ilofi bilan	Малая пехотная (сапёрная) лопатка с чехлом	Small infantry (sapper) shovel with case	Kishi piyada (sapyor) belkúregi, ǵılabı menen
Kitob g'ilofi	Обложка для книги	Book cover	Kitap qabı
Kitob javoni	Книжный шкаф	Bookcase	Kitap shkafı
Kitob javoni (yog'och karkas)	Книжный шкаф (деревянный каркас)	Bookcase (wooden frame)	Kitap shkafı (aǵash karkas)
Kitob tarqatish uchun kafedra stoli	Кафедра для выдачи книг	Library issue desk	Kitap beriw ushın kafedra stolı
Kitoblar uchun javon	Стеллаж для книг	Book shelving	Kitaplar ushın sóre
Kitoblar va o'quv qurollari uchun javon	Шкаф для книг и учебных пособий	Cabinet for books and teaching aids	Kitaplar hám oqıw quralları ushın shkaf
Kitoblar, o'quv qurollari va anjomlari uchun javon	Шкаф для книг, учебных пособий и принадлежностей	Cabinet for books, teaching aids and supplies	Kitaplar, oqıw quralları hám ásbapları ushın shkaf
Kiyim javoni	Шкаф для одежды	Clothes wardrobe	Kiyim shkafı
Kiyim shkafi	Шкаф вещевой	Clothes wardrobe	Kiyim shkafı
Kiyim va hujjatlar uchun kombinatsiyalangan javon	Комбинированный шкаф для одежды и документов	Combined wardrobe for clothes and documents	Kiyim hám hújjetler ushın kombinaciyalanǵan shkaf
Kombinatsiyalangan shkaf	Шкаф комбинированный	Combined wardrobe	Kombinaciyalanǵan shkaf
Kompyuter stoli	Компьютерный стол	Computer desk	Kompyuter stolı
Kompyuter stoli va stuli	Компьютерный стол и стул	Computer desk and chair	Kompyuter stolı hám stulı
Kompyuter stoli va stuli (katta)	Компьютерный стол и стул (большой)	Computer desk and chair (large)	Kompyuter stolı hám stulı (úlken)
Kreslo-krovat	Кресло-кровать	Armchair bed	Kreslo-krovat
Kronshteyn	Кронштейн	Bracket	Kronshteyn
Krossovka	Кроссовки	Sneakers	Krossovka
Krovat	Кровать	Bed	Krovat
Kutubxona stellaji	Библиотечный стеллаж	Library shelving	Kitapxana stellajı
LMDF yozuv stoli (stol va stul)	Письменный стол из ЛМДФ (стол и стул)	LMDF writing desk (desk and chair)	LMDF jazıw stolı (stol hám stul)
Laminat lavh	Ламинированное панно	Laminated plaque	Laminat lawh
Laminat narda yoki shaxmat	Ламинированные нарды или шахматы	Laminated backgammon or chess	Laminat narda yamasa shaxmat
Laminat shaxmat	Ламинированные шахматы	Laminated chess	Laminat shaxmat
Lavh	Панно (лавх)	Wooden plaque	Lawh
Lotok	Лоток	Concrete channel	Lotok
MDF eshik	Дверь МДФ	MDF door	MDF esik
MDF eshik yasash xizmati	Изготовление дверей МДФ	MDF door manufacturing service	MDF esik tayarlaw xızmeti
Majlis stoli	Стол для заседаний	Conference table	Májilis stolı
Mangal	Мангал	Barbecue grill	Mangal
Matras porolonli	Матрас поролоновый	Foam mattress	Porolonlı matras
Matras porolonli (ikki kishilik)	Матрас поролоновый (двуспальный)	Foam mattress (double)	Porolonlı matras (eki adamlıq)
Matras yarim ortopedik	Матрас полуортопедический	Semi-orthopedic mattress	Yarım ortopedik matras
Matras yarim ortopedik (ikki kishilik)	Матрас полуортопедический (двуспальный)	Semi-orthopedic mattress (double)	Yarım ortopedik matras (eki adamlıq)
Maxsus eshik qulfi	Специальный дверной замок	Heavy-duty door lock	Arnawlı esik qulpı
Maxsus kiyimlar	Спецодежда	Workwear	Arnawlı kiyimler
Mayka	Майка	Tank top	Mayka
Mebel — buyurtma asosida	Мебель — на заказ	Furniture — made to order	Mebel — buyırtpa tiykarında
Metall eshik (qora metall)	Металлическая дверь (чёрный металл)	Metal door (ferrous metal)	Metall esik (qara metall)
Metall karkasli stul	Стул на металлокаркасе	Metal-frame chair	Metall karkaslı stul
Metall krovat	Кровать металлическая	Metal bed	Metall krovat
Metall panjara ta'mirlash xizmati	Ремонт металлических решёток	Metal grille repair service	Metall panjara remontlaw xızmeti
Metall prujina	Металлическая пружина	Metal spring	Metall prujina
Metall seyf	Металлический сейф	Metal safe	Metall seyf
Metall shkaf	Шкаф металлический	Metal cabinet	Metall shkaf
Mina ko'rsatkich maketi	Макет указателя мин	Mine marker mock-up	Mina kórsetkish maketi
Minbar	Трибуна	Lectern	Minbar
Mini kemacha (suvenir)	Мини-кораблик (сувенир)	Mini ship (souvenir)	Mini kemeshe (suvenir)
Mini narda yoki mini shaxmat	Мини-нарды или мини-шахматы	Mini backgammon or mini chess	Mini narda yamasa mini shaxmat
Narda	Нарды	Backgammon	Narda
Narda (katta)	Нарды (большие)	Backgammon (large)	Narda (úlken)
Narda (sosna)	Нарды (сосна)	Backgammon (pine)	Narda (sosna)
Narda donalari bilan (yong'oqdan)	Нарды с фишками (из ореха)	Backgammon with pieces (walnut)	Narda tasları menen (jańǵaq aǵashınan)
Narda-shaxmat	Нарды-шахматы	Backgammon & chess set	Narda-shaxmat
O'qituvchi hujjatlari va kiyimi uchun javon	Шкаф для документов и одежды учителя	Teacher's cabinet for documents and clothes	Muǵallim hújjetleri hám kiyimi ushın shkaf
O'qituvchi stoli	Стол учителя	Teacher's desk	Muǵallim stolı
O'qituvchi stoli va stuli	Стол и стул учителя	Teacher's desk and chair	Muǵallim stolı hám stulı
O'qituvchi stoli va tajriba stoli	Стол учителя и лабораторный стол	Teacher's desk and lab table	Muǵallim stolı hám tájiriybe stolı
O'qituvchi stuli (Turon stul)	Стул учителя («Турон»)	Teacher's chair (Turon)	Muǵallim stulı (Turon stul)
O'qituvchi uchun kompyuter stoli	Компьютерный стол для учителя	Teacher's computer desk	Muǵallim ushın kompyuter stolı
O'quv qo'l granatasi (maket)	Учебная ручная граната (макет)	Training hand grenade (mock-up)	Oqıw qol granatası (maket)
O'quvchi stoli №3 (1 stol, 1 stul)	Ученический стол №3 (1 стол, 1 стул)	Student desk No.3 (1 desk, 1 chair)	Oqıwshı stolı №3 (1 stol, 1 stul)
O'quvchi stoli №4 (1 stol, 1 stul)	Ученический стол №4 (1 стол, 1 стул)	Student desk No.4 (1 desk, 1 chair)	Oqıwshı stolı №4 (1 stol, 1 stul)
O'quvchi stoli №5 (1 stol, 1 stul)	Ученический стол №5 (1 стол, 1 стул)	Student desk No.5 (1 desk, 1 chair)	Oqıwshı stolı №5 (1 stol, 1 stul)
O'quvchi stoli №5 (1 stol, 2 stul, karkasli)	Ученический стол №5 (1 стол, 2 стула, на каркасе)	Student desk No.5 (1 desk, 2 chairs, framed)	Oqıwshı stolı №5 (1 stol, 2 stul, karkaslı)
O'quvchi stoli №6 (1 stol, 2 stul)	Ученический стол №6 (1 стол, 2 стула)	Student desk No.6 (1 desk, 2 chairs)	Oqıwshı stolı №6 (1 stol, 2 stul)
O'quvchi stoli №6 (1 stol, 2 stul, karkasli)	Ученический стол №6 (1 стол, 2 стула, на каркасе)	Student desk No.6 (1 desk, 2 chairs, framed)	Oqıwshı stolı №6 (1 stol, 2 stul, karkaslı)
O'quvchi stuli (metall karkas)	Ученический стул (металлокаркас)	Student chair (metal frame)	Oqıwshı stulı (metall karkas)
Obi g'isht	Жжёный кирпич-плитка (оби гишт)	Clay floor brick (obi gisht)	Obi gerbish
Ofis stoli	Офисный стол	Office desk	Ofis stolı
Ofitser chizg'ichi	Линейка офицерская	Officer's ruler	Ofiser sızǵıshı
Ohak	Известь	Lime	Hák
Oq yostiq jildi	Белая наволочка	White pillowcase	Aq jastıq qabı
Oshxona mebel to'plami	Кухонный гарнитур	Kitchen furniture set	As úy mebel komplekti
Oshxona mebeli to'plami	Кухонный набор мебели	Kitchen furniture set	As úy mebeli komplekti
Osma narvon (polatuk)	Подвесная лестница (полатук)	Hanging ladder	Asılma narvan (polatuk)
PVX rom, eshik, fortochka	ПВХ окна, двери, форточки	PVC windows, doors, vents	PVX ramalar, esikler, fortochkalar
Panelli yoritgich	Светильник с панелью	Panel light fixture	Panelli jaqtılandırǵısh
Parta (1 kishilik)	Парта (одноместная)	School desk (single)	Parta (1 adamlıq)
Parta (2 kishilik)	Парта (двухместная)	School desk (double)	Parta (2 adamlıq)
Paxtali to'shak (matras)	Хлопковый матрас	Cotton mattress	Paxtalı tósek (matras)
Paxtali yostiq	Хлопковая подушка	Cotton pillow	Paxtalı jastıq
Pech uchun filtr	Фильтр для печи	Furnace filter	Pesh ushın filtr
Pechka-qozon (kotel)	Котёл-печка	Stove boiler	Pesh-qazan (kotel)
Peregorodka — to'siq devor (alyumin, PVX)	Перегородка (алюминий, ПВХ)	Partition wall (aluminium, PVC)	Peregorodka — bólgish diywal (alyuminiy, PVX)
Pishgan g'isht	Кирпич жжёный	Fired brick	Pisken gerbish
Pishgan g'isht (poltara)	Кирпич жжёный (полуторный)	Fired brick (one-and-a-half)	Pisken gerbish (poltara)
Podstavka	Подставка	Stand	Podstavka
Polietilen truba	Полиэтиленовая труба	Polyethylene pipe	Polietilen truba
Press uchun brus	Брусья для пресса	Ab bench bars	Press ushın brus
Pristavka stol	Стол приставной	Side extension table	Pristavka stol
Profilli skameyka	Скамейка профильная	Profile bench	Profilli skameyka
Prostin	Простыня	Bed sheet	Shoyshap
Pustotali plita	Плита пустотная	Hollow-core slab	Boslıqlı plita
Qolipli non	Хлеб формовой	Tin loaf bread	Qálipli nan
Qop	Мешок	Sack	Qap
Quduq bo'g'zi (gorlovina)	Горловина колодца	Manhole neck	Quduq moyını (gorlovina)
Quduq halqasi	Кольцо колодезное стеновое	Well ring	Quduq saqıynası
Quduq tubi (dnishe)	Днище колодца	Well bottom slab	Quduq túbi (dnishe)
Quduq yopqich plitasi	Плита перекрытия колодца	Well cover slab	Quduq qaqpaq plitası
Ramka	Рамка	Picture frame	Ramka
Rodban	Родбан (ангидрит)	Rodban (anhydrite)	Rodban
Rom (alyumin profil, PVX)	Окно (алюминиевый профиль, ПВХ)	Window (aluminium profile, PVC)	Rama (alyuminiy profil, PVX)
Rotang stol-stul to'plami	Комплект стол-стулья из ротанга	Rattan table and chairs set	Rotang stol-stul komplekti
Sanitar sumkasi to'plami	Комплект санитарной сумки	First-aid bag kit	Sanitar sumkası komplekti
Sanitar zambili	Санитарные носилки	Stretcher	Sanitar zambili
Shaxmat	Шахматы	Chess	Shaxmat
Shaxmat (katta)	Шахматы (большие)	Chess (large)	Shaxmat (úlken)
Shaxmat donalari	Шахматные фигуры	Chess pieces	Shaxmat tasları
Shaxmat-narda	Шахматы-нарды	Chess & backgammon set	Shaxmat-narda
Shaxmat-narda (yong'oqdan)	Шахматы-нарды (из ореха)	Chess & backgammon (walnut)	Shaxmat-narda (jańǵaq aǵashınan)
Shaxmat-narda donalari bilan (yong'oqdan)	Шахматы-нарды с фигурами (из ореха)	Chess & backgammon with pieces (walnut)	Shaxmat-narda tasları menen (jańǵaq aǵashınan)
Sheben	Щебень	Crushed stone	Sheben
Shkaf	Шкаф	Cabinet	Shkaf
Shkaf ustki qismi	Антресоль шкафа	Cabinet top section	Shkaftıń ústingi bólimi
Shkaf-kupe	Шкаф-купе	Sliding wardrobe	Shkaf-kupe
Shkaf-stenka	Шкаф-стенка	Wall unit	Shkaf-stenka
Shkatulka	Шкатулка	Jewellery box	Shkatulka
Shkatulka (bittalik)	Шкатулка (одинарная)	Jewellery box (single)	Shkatulka (birlik)
Shkatulka (ikkitalik)	Шкатулка (двойная)	Jewellery box (double)	Shkatulka (ekilik)
Shkatulka (uchtalik)	Шкатулка (тройная)	Jewellery box (triple)	Shkatulka (úshlik)
Shkatulka — kitob qo'ygich	Шкатулка-подставка для книг	Box with book stand	Shkatulka — kitap qoyǵısh
Shlakoblok	Шлакоблок	Cinder block	Shlakoblok
Skameyka	Скамейка	Bench	Skameyka
So'ndirilgan ohak	Гашёная известь	Slaked lime	Sóndirilgen hák
So'ndirilgan ohak (pushonka)	Гашёная известь (пушонка)	Slaked lime (hydrated powder)	Sóndirilgen hák (pushonka)
Sport poyabzali — krossovka (erkak va ayollar)	Спортивная обувь — кроссовки (мужские и женские)	Sports shoes — sneakers (men's and women's)	Sport ayaq kiyimi — krossovka (er hám hayallar)
Stol	Стол	Table	Stol
Suvenir gul	Сувенирный цветок	Souvenir flower	Suvenir gúl
Taburetka	Табуретка	Stool	Taburetka
Tankka qarshi mina maketi	Макет противотанковой мины	Anti-tank mine mock-up	Tankke qarsı mina maketi
Taran	Таран	Ram (metal structure)	Taran
Tayyor beton qorishmasi	Готовая бетонная смесь	Ready-mix concrete	Tayar beton aralaspası
Telefon uchun tumba	Тумба под телефон	Telephone stand	Telefon ushın tumba
Televizor tagligi	Подставка под телевизор	TV stand	Televizor tirewishi
Temir eshik	Железная дверь	Iron door	Temir esik
Temir eshik (profil)	Железная дверь (из профиля)	Iron door (profile)	Temir esik (profil)
Temir panjara yasash xizmati (o'z xomashyosi)	Изготовление железных решёток (из своего сырья)	Iron grille manufacturing (own raw materials)	Temir panjara tayarlaw xızmeti (óz shiyki zatınan)
Temir seyf	Железный сейф	Iron safe	Temir seyf
Temir-beton plita	Железобетонная плита	Reinforced concrete slab	Temir-beton plita
Tibbiy ro'molcha	Медицинская косынка	Medical triangular bandage	Medicinalıq oramal
Tibbiy shina	Медицинская шина	Medical splint	Medicinalıq shina
Tikanli sim	Колючая проволока	Barbed wire	Tikenekli sım
Tikuvchilik — buyurtma asosida	Швейные изделия — на заказ	Sewing — made to order	Tigiwshilik — buyırtpa tiykarında
Tir mashqlari uchun nishon	Мишень для стрелковых упражнений	Shooting range target	Tir shınıǵıwları ushın nıshana
Trikotaj mato	Трикотажное полотно	Knitted fabric	Trikotaj gezleme
Tufli	Туфли	Shoes	Tufli
Tumba	Тумба	Pedestal cabinet	Tumba
Tumbochka	Тумбочка	Bedside cabinet	Tumbochka
Uchburchak (sport jihozi)	Треугольник (спортивный снаряд)	Triangle (sports equipment)	Úshmúyesh (sport úskenesi)
Umumqo'shin himoya to'plami	Общевойсковой защитный комплект	Combined-arms protective kit	Ulıwma áskeriy qorǵanıw komplekti
Ustki qismi yig'iladigan stol	Стол со складной столешницей	Table with folding top	Ústingi bólimi jıynalatuǵın stol
Vernek (sport jihozi)	Вернек (спортивный снаряд)	Vernek (sports equipment)	Vernek (sport úskenesi)
Vitraj (Akfa profil)	Витраж (профиль Akfa)	Glazed partition (Akfa profile)	Vitraj (Akfa profil)
Vitraj (alyumin, PVX)	Витраж (алюминий, ПВХ)	Glazed partition (aluminium, PVC)	Vitraj (alyuminiy, PVX)
Xo'jalik sovuni	Хозяйственное мыло	Laundry soap	Xojalıq sabını
Xo'jalik sovuni xomashyosi	Сырьё для хозяйственного мыла	Laundry soap base	Xojalıq sabınınıń shiyki zatı
Xom g'isht	Кирпич-сырец	Unfired (raw) brick	Shiyki gerbish
Yarim junli odeyalo	Одеяло полушерстяное	Half-wool blanket	Yarım júnli odeyal
Yo'l bordyuri	Бордюр дорожный	Road kerb	Jol bordyurı
Yo'l bordyuri (rangli)	Бордюр дорожный (цветной)	Road kerb (coloured)	Jol bordyurı (reńli)
Yog'och krovat	Кровать деревянная	Wooden bed	Aǵash krovat
Yog'och mushtuk	Деревянный мундштук	Wooden cigarette holder	Aǵash mushtuk
Yog'och stul	Деревянный стул	Wooden chair	Aǵash stul
Yong'in shiti	Пожарный щит	Fire equipment board	Órt shiti
Yostiq jildi	Наволочка	Pillowcase	Jastıq qabı
Yozgi ichki kiyim	Бельё летнее нательное	Summer underwear	Jazǵı ishki kiyim
Yumshoq burchak mebel	Мягкий угловой диван	Soft corner sofa	Jumsaq múyeshli mebel
Yumshoq krovat	Мягкая кровать	Upholstered bed	Jumsaq krovat
Yumshoq o'rindiq (pufik)	Мягкий пуф	Soft pouffe	Jumsaq orınlıq (pufik)
Yumshoq o'rindiq — pufik (yog'och karkas)	Мягкий пуф (деревянный каркас)	Soft pouffe (wooden frame)	Jumsaq orınlıq — pufik (aǵash karkas)
Yumshoq stul	Мягкий стул	Upholstered chair	Jumsaq stul
Zakladnoy detallar yasash xizmati (o'z xomashyosi)	Изготовление закладных деталей (из своего сырья)	Embedded parts manufacturing (own raw materials)	Zakladnoy detallar tayarlaw xızmeti (óz shiyki zatınan)
