code	name	short	region	district	inn	role
jiek-01	1-son JIEK	1-son JIEK	Buxoro viloyati	Kogon tumani	207023514	seller
jiek-02	2-son JIEK	2-son JIEK	Qashqadaryo viloyati	Qarshi shahri	201560041	seller
jiek-03	3-son JIEK	3-son JIEK	Qashqadaryo viloyati	Qarshi shahri	201732174	seller
jiek-04	4-son JIEK	4-son JIEK	Navoiy viloyati	Navoiy shahri	200002624	seller
jiek-05	5-son JIEK	5-son JIEK	Navoiy viloyati	Qiziltepa tumani	200016360	seller
jiek-06	6-son JIEK	6-son JIEK	Namangan viloyati	Pop tumani	200087203	seller
jiek-07	7-son JIEK	7-son JIEK	Toshkent viloyati	Bo'stonliq tumani	200439278	seller
jiek-10	10-son JIEK	10-son JIEK	Qashqadaryo viloyati	Koson tumani	200690847	seller
jiek-11	11-son JIEK	11-son JIEK	Navoiy viloyati	Karmana tumani	201295387	seller
jiek-12	12-son JIEK	12-son JIEK	Navoiy viloyati	Zarafshon shahri	200010164	seller
jiek-13	13-son JIEK	13-son JIEK	Toshkent viloyati	Chirchiq shahri	200941969	seller
jiek-14	14-son JIEK	14-son JIEK	Toshkent viloyati	Olmaliq shahri	200599619	seller
jiek-17	17-son JIEK	17-son JIEK	Buxoro viloyati	Qorovulbozor shahri	200978731	seller
jiek-21	21-son JIEK	21-son JIEK	Toshkent viloyati	Zangiota tumani	200561967	seller
jiek-22	22-son JIEK	22-son JIEK	Toshkent viloyati	Zangiota tumani	202367217	seller
mk-27	27-son MK	27-son MK	Qoraqalpog'iston Respublikasi	Qo'ng'irot tumani	204913983	seller
mk-28	28-son MK	28-son MK	Qoraqalpog'iston Respublikasi	Qo'ng'irot tumani	205276669	seller
mk-29	29-son MK	29-son MK	Jizzax viloyati	Jizzax shahri	202384584	seller
mk-30	30-son MK	30-son MK	Jizzax viloyati	Zafarobod tumani	204014962	seller
mk-31	31-son MK	31-son MK	Jizzax viloyati	Zafarobod tumani	204500421	seller
mk-32	32-son MK	32-son MK	Qashqadaryo viloyati	Muborak tumani	202461195	seller
mk-33	33-son MK	33-son MK	Qashqadaryo viloyati	Muborak tumani	202532669	seller
mk-34	34-son MK	34-son MK	Qashqadaryo viloyati	Qamashi tumani	205478148	seller
mk-35	35-son MK	35-son MK	Qashqadaryo viloyati	Qarshi shahri	305894736	seller
mk-37	37-son MK	37-son MK	Samarqand viloyati	Pastdarg'om tumani	204864404	seller
mk-38	38-son MK	38-son MK	Samarqand viloyati	Samarqand shahri	205780066	seller
mk-39	39-son MK	39-son MK	Sirdaryo viloyati	Sardoba tumani	204503662	seller
mk-40	40-son MK	40-son MK	Sirdaryo viloyati	Guliston tumani	204490182	seller
mk-41	41-son MK	41-son MK	Surxondaryo viloyati	Sherobod tumani	205801236	seller
mk-42	42-son MK	42-son MK	Toshkent viloyati	Zangiota tumani	200561974	seller
mk-43	43-son MK	43-son MK	Toshkent viloyati	Bo'ka tumani	200435663	seller
mk-44	44-son MK	44-son MK	Toshkent viloyati	Zangiota tumani	200463566	seller
mk-45	45-son MK	45-son MK	Toshkent viloyati	Olmaliq shahri	200599816	seller
mk-46	46-son MK	46-son MK	Toshkent viloyati	Zangiota tumani	202361383	seller
mk-47	47-son MK	47-son MK	Toshkent viloyati	Yuqori Chirchiq tumani	202437366	seller
mk-48	48-son MK	48-son MK	Toshkent viloyati	Ohangaron tumani	202440245	seller
mk-49	49-son MK	49-son MK	Toshkent viloyati	Olmaliq shahri	202976148	seller
mk-50	50-son MK	50-son MK	Toshkent viloyati	Piskent tumani	204417136	seller
mk-51	51-son MK	51-son MK	Toshkent shahri	Yashnobod tumani	204038609	seller
jied	IIV JIED	IIV JIED	Toshkent viloyati	Zangiota tumani	200838010	operator
